Name,Domain,Website,Automation Level,Feature Name,Description,AI Implementation,Data Sources,Data Source Count,Is Realtime
Revenue Intelligence,clari.com,https://www.clari.com/revenue-intelligence/,semi-auto,Pipeline Forecasting,Predicts pipeline performance based on historical data and current deal activity.,Trains ML model on historical pipeline data and deal activity to predict future performance.,CRM data; pipeline stages; deal activity logs; sales call transcripts,4,False
Sales automation AI: 7 game-changing tools to grow your revenue faster,monday.com,https://monday.com/blog/crm-and-sales/sales-automation-ai/,semi-auto,Pipeline Forecasting,Predicts future pipeline performance and revenue potential.,Uses historical sales data and market trends to forecast pipeline performance.,CRM data; sales history; market trends,3,False
AI Automation,webdme.co,https://www.webdme.co/industries/ai-automation,semi-auto,Pipeline Forecasting,Predicts future sales and pipeline performance based on historical data and current trends.,Applies predictive analytics and machine learning to forecast pipeline outcomes using historical sales data and current pipeline metrics.,sales history; pipeline data; market trends,3,False
Top 33 Sales Startups 2026,topstartups.io,https://topstartups.io/?industries=Sales,semi-auto,Pipeline Forecasting,Predicts future pipeline performance and revenue forecasts.,Trains a predictive model on historical sales data and market trends to forecast pipeline performance.,historical sales data; market trends; CRM data,3,False
8 Best AI SDR Tools for B2B Pipeline Generation in 2026: Automation Without Spam,scopicstudios.com,https://scopicstudios.com/blog/best-ai-sdr-tools-for-b2b-pipeline-generation/,semi-auto,Pipeline Forecasting,Predicts pipeline performance and revenue potential.,"Trains ML model on historical sales data, lead behavior, and market trends to forecast pipeline outcomes.",historical sales data; lead behavior; market trends,3,False
Welcome to the era of agentic marketing,warmly.ai,https://www.warmly.ai/,semi-auto,Pipeline Forecasting and Analytics,Predicts sales pipeline performance and revenue potential.,trains ML model on historical sales data and market trends to forecast pipeline performance,historical sales data; market trends; CRM data,3,False
Clay,clay.com,https://www.clay.com/,semi-auto,Pipeline Forecasting,Predicts future sales and pipeline performance using historical and real-time data.,Time-series forecasting models analyze historical sales data and current pipeline metrics,CRM data; historical sales data; pipeline metrics,3,False
10 Best AI SDR Agents in 2025 [with real user reviews],blog.hubspot.com,https://blog.hubspot.com/sales/ai-sdr-agents,semi-auto,Pipeline Forecasting,Predicts pipeline generation and revenue intelligence.,predictive analytics model using historical CRM data and web signals,CRM data; web signals; email threads,3,False
Best AI SDR Tools,scopicstudios.com,https://scopicstudios.com/blog/best-ai-sdr-tools/,semi-auto,Pipeline Forecasting,Predicts future pipeline performance and revenue based on historical data.,Applies time-series forecasting models to historical sales data and market trends.,sales pipeline data; market trends; historical performance,3,False
Best AI Prospecting Tool - Sales Prospecting Software,seamless.ai,https://seamless.ai/products/platform-overview,semi-auto,Pipeline Forecasting,Predicts pipeline performance and revenue potential using historical and real-time data.,predictive analytics model using historical sales data and CRM metrics,CRM data; sales history; pipeline data,3,False
Top Conversational Targeting AI for Sales and Marketing Teams,landbase.com,https://www.landbase.com/blog/top-conversational-targeting-ai-for-sales-and-marketing-teams,agentic,Pipeline Forecasting,Predicts revenue and pipeline performance using historical and real-time data.,Applies time-series forecasting and machine learning to analyze past performance and market trends.,CRM data; web signals; email threads; job postings,4,False
10 best tools for SaaS lead generation in 2025,saasall.com,https://www.saasall.com/post/best-tools-for-saas-lead-generation,semi-auto,Pipeline Forecasting,Predicts future pipeline performance and revenue potential.,time-series forecasting models analyze historical sales data and market trends,CRM data; pipeline data; market trends,3,False
Best AI Sales Tools 2026,ai-crm.com,https://ai-crm.com/best-ai-sales-tools/,semi-auto,Pipeline Forecasting,Predicts sales pipeline performance and revenue outcomes.,Uses historical sales data and machine learning to forecast pipeline performance and revenue.,CRM data; sales history; market trends,3,False
11 best AI sales pipeline tools to scale revenue in 2025,blog.hubspot.com,https://blog.hubspot.com/sales/ai-sales-pipeline-tools,semi-auto,Pipeline Forecasting,Predicts future sales pipeline performance and revenue potential.,"trains ML model on historical sales data, lead scoring, and engagement metrics",historical sales data; lead scoring; engagement metrics,3,False
Pipedrive,pipedrive.com,https://www.pipedrive.com/,semi-auto,AI-Powered Pipeline Forecasting,Predicts pipeline performance and sales outcomes.,uses historical sales data and lead scoring to forecast pipeline health,sales pipeline data; lead scoring data; historical sales data,3,False
6 Best Revenue Intelligence Platforms in 2026: Top Tools Compared for Sales Teams,sybill.ai,https://www.sybill.ai/blog/best-revenue-intelligence-platforms,semi-auto,Pipeline Forecasting,Predicts pipeline performance using historical and real-time data.,Time-series forecasting models trained on past deal data and current pipeline metrics.,CRM data; historical deal data,2,False
Top 5 AI Outreach Tools for 2026,lindy.ai,https://www.lindy.ai/blog/top-ai-outreach-tools,semi-auto,Pipeline Forecasting,Predicts future revenue based on current pipeline data.,uses historical sales data and lead behavior to forecast revenue,CRM data; historical sales; pipeline activity,3,False
