id,key,name,canonical_domain,category,ai_tier,confidence,reason,error,elapsed_s
121,paddle,Paddle,jobs.ashbyhq.com,PRODUCT,1,0.95,"Paddle is a SaaS platform providing payment, subscription, and tax compliance services. AI is used as a capability (e.g., fraud detection) but not core. The company is remote-first and has open roles.",,33.57
140,uipath,Uipath,jobs.ashbyhq.com,PRODUCT,2,0.95,"UiPath is a leading RPA and AI-powered automation platform provider, making it a pure product company with AI at its core.",,34.83
179,flux-computing,Flux Computing,jobs.ashbyhq.com,UNKNOWN,0,0.5,heuristic fallback,,29.95
191,zapier,Zapier,jobs.ashbyhq.com,PRODUCT,1,0.95,"Zapier is a well-known SaaS automation platform with AI integration capabilities, operates fully remote, and maintains an active job board.",,32.78
203,ordio,Ordio,jobs.ashbyhq.com,UNKNOWN,0,0.5,heuristic fallback,,33.66
258,tilt,Tilt,jobs.ashbyhq.com,UNKNOWN,0,0.5,heuristic fallback,,62.73
262,nivoda,Nivoda,jobs.ashbyhq.com,PRODUCT,1,0.5,"Nivoda is a diamond sourcing platform, likely using AI for pricing insights but AI is not its core offering. Active careers page on Ashby suggests current hiring.",,29.14
288,blockdaemon,Blockdaemon,jobs.ashbyhq.com,PRODUCT,1,0.8,Blockdaemon is a known blockchain infrastructure SaaS company. AI is likely used in analytics/monitoring features but not core product. Careers page on Ashby suggests active hiring.,,40.06
290,hyperexponential,Hyperexponential,jobs.ashbyhq.com,PRODUCT,2,0.95,"Hyperexponential offers a cloud-based pricing decision intelligence platform (hx Renew) that uses AI/ML as its core differentiator for insurance underwriting and pricing. This is a B2B SaaS product, not a consultancy, staffing, or agency.",,29.89
298,camunda,Camunda,jobs.ashbyhq.com,PRODUCT,1,0.9,"Camunda is a process automation software company with open jobs, AI used as a capability in some features.",,41.03
310,rain,Rain,jobs.ashbyhq.com,UNKNOWN,0,0.5,heuristic fallback,,29.41
315,socket,Socket,jobs.ashbyhq.com,PRODUCT,2,0.9,"Socket is a B2B SaaS company providing AI-powered software supply chain security, with AI as a core component of its product.",,37.22
316,li.fi,Li.fi,jobs.ashbyhq.com,UNKNOWN,0,0.5,heuristic fallback,,40.06
318,photoroom,Photoroom,jobs.ashbyhq.com,PRODUCT,2,0.95,Photoroom is a SaaS product company with AI-powered photo editing as its core offering.,,45.49
322,squads,Squads,jobs.ashbyhq.com,STAFFING,1,0.9,"Squads is a company that builds and manages dedicated remote software development teams for clients, fitting the staffing model. They offer AI/ML expertise as part of their service, hence AI tier 1. They emphasize remote work. Careers page on Ashby suggests open roles.",,33.2
330,oyster,Oyster,jobs.ashbyhq.com,PRODUCT,1,0.95,"Oyster is a SaaS platform for global employment, with AI-powered features such as Oyster AI for contract generation and compliance. It is not a consultancy, staffing, or agency. AI is a capability (tier 1), not the core product. The company is remote-first and has open roles on its careers page.",,30.81
362,snowflake,Snowflake,jobs.ashbyhq.com,PRODUCT,2,0.95,Snowflake is a SaaS company providing a cloud data platform with integrated AI capabilities (Cortex AI) as a core feature.,,35.18
370,proxima-fusion,Proxima Fusion,jobs.ashbyhq.com,PRODUCT,1,0.9,"Proxima Fusion is a nuclear fusion startup, developing fusion reactor technology, which is a product. AI is used as a capability for plasma control and simulation, not as the core offering.",,24.87
373,limitless,Limitless,jobs.ashbyhq.com,PRODUCT,2,0.95,"Limitless is an AI-powered personal assistant product; AI is the core offering; job postings show hybrid work options with offices in NYC, SF, and remote; multiple open roles listed.",,53.87
383,deel,Deel,jobs.ashbyhq.com,PRODUCT,1,0.9,"Deel is a SaaS platform for global payroll and compliance, making it a product company. It integrates AI features but AI is not the core product. The company is remote-first and has open roles on its careers page.",,33.56
386,amo,Amo,jobs.ashbyhq.com,PRODUCT,1,0.5,Amo is a known social app startup; likely uses AI for camera features; no explicit info on remote policy.,,45.41
388,polarsteps,Polarsteps,jobs.ashbyhq.com,PRODUCT,1,0.8,"Polarsteps is a travel planning app, a product company. They likely use AI for personalized recommendations and automatic trip detection, but AI is not the core selling point. Job board exists, indicating open roles. Remote policy unknown.",,37.38
395,cow-dao,Cow Dao,jobs.ashbyhq.com,UNKNOWN,0,0.5,heuristic fallback,,18.2
417,illumio,Illumio,jobs.ashbyhq.com,PRODUCT,1,0.9,"Illumio is a cybersecurity product company with AI-augmented features like policy generation, not a pure AI company. Known for hybrid work policy.",,20.02
424,coram-ai,Coram Ai,jobs.ashbyhq.com,UNKNOWN,0,0.5,heuristic fallback,,50.33
427,raiku,Raiku,jobs.ashbyhq.com,UNKNOWN,0,0.5,heuristic fallback,,30.84
431,checkatrade,Checkatrade,jobs.ashbyhq.com,PRODUCT,1,0.7,"Checkatrade is a digital platform connecting homeowners with tradespeople, a product company. Likely uses AI for matching, but not core (tier 1). Home services industry. Remote policy unknown without specific job details. Actively hiring via Ashby, so has_open_roles is true.",,49.4
441,faculty,Faculty,jobs.ashbyhq.com,CONSULTANCY,2,0.8,Faculty is known as an AI consultancy company.,,53.85
445,ether.fi,Ether.fi,jobs.ashbyhq.com,PRODUCT,0,0.7,"Ether.fi is a DeFi protocol, not a consultancy or agency; no AI use apparent.",,29.6
446,atlan,Atlan,jobs.ashbyhq.com,PRODUCT,2,0.9,"Atlan is a SaaS data platform with AI core features, remote-first company with open roles.",,21.54
462,matter-labs,Matter Labs,jobs.ashbyhq.com,PRODUCT,0,0.95,"Matter Labs is the company behind zkSync, a Layer 2 blockchain scaling solution. They are a product company, not AI-focused. Their technology uses zero-knowledge proofs, not AI.",,42.1
466,deliveroo,Deliveroo,jobs.ashbyhq.com,UNKNOWN,1,0.8,"Deliveroo is a food delivery service, not a consultancy, staffing, agency, or SaaS product. AI is used for logistics and recommendations but is not core to the product. Careers page exists, indicating open roles. Remote policy unknown.",,44.4
481,playson,Playson,jobs.ashbyhq.com,PRODUCT,0,0.8,"Playson is a game developer creating slots and casino games, so it is a product company. No evidence of AI being core to products, so ai_tier 0. Industry iGaming, remote policy unknown, but likely has open roles via Ashby careers page.",,58.36
484,homebase,Homebase,jobs.ashbyhq.com,PRODUCT,1,0.7,Homebase is a SaaS product for small business workforce management; AI is likely used for scheduling automation but not the core offering.,,28.86
488,lendable,Lendable,jobs.ashbyhq.com,PRODUCT,2,0.9,"Lendable is a fintech product company offering loans and financial services. They have open roles for ML engineers and data scientists, indicating AI is core to their credit decisioning product. Their careers page states a hybrid work policy.",,51.28
495,causaly,Causaly,jobs.ashbyhq.com,PRODUCT,2,0.9,"Causaly is an AI-powered SaaS platform for biomedical research, making AI core to its product. Industry is life sciences. Remote policy and open roles are unconfirmed from provided URLs.",,29.87
531,mollie,Mollie,jobs.ashbyhq.com,PRODUCT,1,0.8,Mollie is a payment service provider (SaaS product). AI likely used for fraud detection but not core to product.,,37.83
559,primer,Primer,jobs.ashbyhq.com,PRODUCT,2,0.95,Primer is an AI product company providing NLP-based intelligence analysis tools.,,48.5
563,found,Found,jobs.ashbyhq.com,UNKNOWN,0,0.5,heuristic fallback,,37.31
567,plain,Plain,plain.com,PRODUCT,2,0.95,"Plain is a SaaS platform offering AI-powered customer support solutions. AI features like Ari, Sidekick, and Lookup are integral to the product. Careers page lists multiple open positions with both remote and location-specific roles, indicating a hybrid remote policy.",,43.86
568,rerun,Rerun,jobs.ashbyhq.com,PRODUCT,1,0.8,"Rerun is an open-source tool for visualizing multimodal data, commonly used in AI/ML workflows, making it a product company with AI as a capability.",,35.53
598,watershed,Watershed,jobs.ashbyhq.com,PRODUCT,1,0.5,Watershed is a climate technology company offering a SaaS platform for carbon accounting. AI is used as a capability but not core to the product. No data from provided pages to determine remote policy or open roles.,,33.54
604,salonkee,Salonkee,jobs.ashbyhq.com,PRODUCT,1,0.4,"Salonkee is known as a SaaS platform for salon management. No home/careers page content provided; inferred from public knowledge. AI tier 1 assumed for potential smart features. Remote policy unknown, but likely has open roles as they use Ashby HQ.",,30.47
607,aspora,Aspora,jobs.ashbyhq.com,UNKNOWN,0,0.5,heuristic fallback,,29.88
613,percona,Percona,jobs.ashbyhq.com,PRODUCT,1,0.9,"Percona is a database software and services company with SaaS products like Percona Monitoring and Management; AI is used as a capability (e.g., anomaly detection) but is not core to the product. They are remote-first with open roles.",,33.72
616,polygon-labs,Polygon Labs,jobs.ashbyhq.com,PRODUCT,0,0.9,Polygon Labs is a product company offering a blockchain scaling platform; AI is not core to their product.,,31.27
652,multiverse,Multiverse,jobs.ashbyhq.com,PRODUCT,2,0.8,"Multiverse is a tech platform for apprenticeships with AI-powered matching, categorizing as a SaaS product company where AI is core to its offering.",,43.08
664,omni,Omni,jobs.ashbyhq.com,UNKNOWN,0,0.5,heuristic fallback,,46.06
669,clearbank,Clearbank,jobs.ashbyhq.com,UNKNOWN,0,0.7,"Clearbank is a financial services company, not an AI consultancy, staffing, agency, or SaaS product, and no information on AI roles.",,32.76
689,gorgias,Gorgias,jobs.ashbyhq.com,PRODUCT,2,0.9,"Gorgias is a helpdesk platform that leverages AI to automate customer support, making AI a core part of their product offering. They are a SaaS company, not a consultancy or agency. The remote policy is hybrid based on typical setup; careers page indicates open roles.",,49.74
698,tavus,Tavus,jobs.ashbyhq.com,PRODUCT,2,0.9,"Tavus is an AI video personalization platform, making it a product company with AI at its core.",,40.27
704,stream,Stream,jobs.ashbyhq.com,PRODUCT,1,0.8,Stream is a SaaS company providing chat and activity feed APIs; AI features are available but not core to the product.,,19.49
707,phantom,Phantom,jobs.ashbyhq.com,PRODUCT,0,0.7,"Based on company name and domain, Phantom is likely the crypto wallet product company.",,40.77
711,datatonic,Datatonic,jobs.ashbyhq.com,CONSULTANCY,2,0.95,"Datatonic is a cloud data and AI consultancy specializing in GenAI and ML solutions, as evidenced by their careers page seeking engineers for GenAI & ML platforms. They offer AI/ML services to clients, indicating core AI focus. The role description mentions hybrid working with 2 office days per week, and multiple open positions are listed.",,44.32
728,quicknode,Quicknode,jobs.ashbyhq.com,PRODUCT,0,0.9,"Quicknode offers blockchain node services and APIs as a platform (SaaS), with no indication of AI consultancy, staffing, or agency services. AI is not a core or marketed capability.",,34.66
729,allica-bank,Allica Bank,jobs.ashbyhq.com,PRODUCT,1,0.7,"Allica Bank is a fintech product company (not strictly SaaS but fits PRODUCT best). AI is used for credit scoring and fraud detection but not core to customer offering, so tier 1. Remote policy unclear from provided data, but careers page exists so open roles likely.",,51.98
742,chainlink-labs,Chainlink Labs,jobs.ashbyhq.com,PRODUCT,1,0.8,"Chainlink Labs develops the Chainlink decentralized oracle network, a blockchain infrastructure product. They are not an AI consultancy or staffing firm. AI is not core but they offer integration capabilities via Chainlink Functions that can connect to AI APIs, making AI a supporting capability. Industry is blockchain/web3. Remote policy cannot be confirmed without accessing the careers page. The presence of a careers link suggests open roles, so has_open_roles is set to true.",,65.02
760,pplwise,Pplwise,jobs.ashbyhq.com,UNKNOWN,0,0.5,heuristic fallback,,45.6
793,injective-labs,Injective Labs,jobs.ashbyhq.com,PRODUCT,1,0.6,Company name suggests a blockchain product company (Injective Labs); likely has open roles on Ashby; AI likely a capability but not core to the product.,,33.18
803,fonoa,Fonoa,jobs.ashbyhq.com,PRODUCT,1,0.7,"Fonoa is a tax automation SaaS company, making it a product company. It uses AI for tax classification, but AI is not core to its primary value proposition. Industry is tax technology. Careers page suggests open roles, remote policy likely hybrid.",,44.91
831,vanta,Vanta,jobs.ashbyhq.com,PRODUCT,1,0.95,"Vanta is a security compliance automation SaaS product. AI is used for automated evidence collection and monitoring, but not the core offering.",,55.72
849,deepl,Deepl,jobs.ashbyhq.com,PRODUCT,2,0.95,"DeepL is a product company with AI-powered translation services, AI is core to the product.",,51.88
902,motorway,Motorway,jobs.ashbyhq.com,PRODUCT,0,0.7,"Motorway is an online used car marketplace, which is a digital product company, not specifically AI-focused. Their platform may use some ML but AI is not core. Open roles indicated by Ashby jobs page.",,59.54
907,cognition,Cognition,jobs.ashbyhq.com,PRODUCT,2,0.9,"Cognition is the creator of Devin, an AI-powered software engineer tool, making it a product company with AI as its core offering (tier 2). Careers page suggests open roles and known remote-first culture.",,32.71
959,granola,Granola,jobs.ashbyhq.com,PRODUCT,2,0.7,Granola is known as an AI-powered meeting assistant SaaS product.,,38.01
986,citizen,Citizen,jobs.ashbyhq.com,UNKNOWN,0,0.5,heuristic fallback,,49.52
2042,posthog,Posthog,jobs.ashbyhq.com,PRODUCT,1,0.95,"PostHog is a product analytics SaaS platform, not a consultancy or staffing firm. It offers AI-powered features like anomaly detection and insights, but AI is not its core product (AI-as-capability). The company is fully remote with open positions listed.",,26.29
2059,titan,Titan,jobs.ashbyhq.com,PRODUCT,2,0.7,"Titan is an investment advisory app that uses AI for automated portfolio management, making AI core to the product. They have active job postings via Ashby.",,27.09
2107,northslope-technologies,Northslope Technologies,jobs.ashbyhq.com,UNKNOWN,0,0.5,heuristic fallback,,19.48
2172,billie,Billie,jobs.ashbyhq.com,PRODUCT,2,0.85,"Billie is a B2B fintech product company offering BNPL and invoice factoring solutions, likely using AI core to its credit risk assessment platform.",,37.73
2208,stronghold,Stronghold,jobs.ashbyhq.com,UNKNOWN,0,0.5,heuristic fallback,,37.03
2218,zefir,Zefir,jobs.ashbyhq.com,UNKNOWN,0,0.5,heuristic fallback,,28.06
2237,quilter,Quilter,jobs.ashbyhq.com,UNKNOWN,0,0.5,heuristic fallback,,39.29
2242,perplexity,Perplexity,jobs.ashbyhq.com,PRODUCT,2,0.9,"Perplexity is an AI-powered answer engine, a SaaS product. AI is core to its offering. The company likely has a hybrid work policy, and its careers page on Ashby indicates open roles.",,32.96
2366,artemis,Artemis,jobs.ashbyhq.com,UNKNOWN,0,0.5,heuristic fallback,,31.18
2369,lemonade,Lemonade,jobs.ashbyhq.com,PRODUCT,2,0.8,"Lemonade is a well-known insurtech company that sells insurance products direct-to-consumer, heavily leveraging AI for underwriting, claims, and customer service (ai_tier=2). The provided careers page is inaccessible, so remote policy and open roles cannot be confirmed; assume no open roles visible.",,62.74
2400,thought-machine,Thought Machine,jobs.ashbyhq.com,PRODUCT,0,0.95,"Thought Machine is a core banking software provider (SaaS product), no AI focus evident, fintech industry, multiple open roles listed but no explicit remote policy.",,25.38
2422,xlabs,Xlabs,jobs.ashbyhq.com,CONSULTANCY,2,0.6,Company name 'Xlabs' suggests a technology/consulting firm; using Ashby for hiring indicates active recruitment. Assumed AI-focused consultancy based on naming conventions in the industry.,,32.76
2451,molecule,Molecule,jobs.ashbyhq.com,UNKNOWN,0,0.5,heuristic fallback,,32.05
2465,preply,Preply,jobs.ashbyhq.com,PRODUCT,2,0.95,"Preply is an online tutoring platform utilizing AI for matching and personalization, core to its product. It operates as a SaaS offering in the EdTech industry. The company is remote-first with open positions listed on its careers page.",,24.93
2547,perk,Perk,jobs.ashbyhq.com,UNKNOWN,0,0.5,heuristic fallback,,28.41
3602,corti,Corti,jobs.ashbyhq.com,PRODUCT,2,0.9,"Corti is a well-known AI company providing an AI-assistant for healthcare, AI is core to its product, hence product category with ai_tier 2.",,42.67
3664,enode,Enode,jobs.ashbyhq.com,PRODUCT,1,0.85,"Enode is a B2B API platform for energy device connectivity and management, fitting PRODUCT. They offer AI-powered features for optimization (ai_tier 1). Remote-first with active job listings.",,62.0
3698,gamma,Gamma,jobs.ashbyhq.com,PRODUCT,2,0.8,"Gamma is a known AI-powered presentation software company, a product SaaS with AI core to its offering. They have a careers page indicating open roles.",,29.85
3734,joko,Joko,jobs.ashbyhq.com,PRODUCT,1,0.85,"Joko appears to be a fintech product company with a cashback app, using AI for transaction analysis and personalized offers. Hiring via Ashby indicates open roles. Remote policy not specified.",,35.17
3775,leapsome,Leapsome,jobs.ashbyhq.com,PRODUCT,1,0.9,Leapsome is a well-known HR SaaS platform with AI-powered analytics features.,,26.97
3802,jerry,Jerry,jobs.ashbyhq.com,PRODUCT,2,0.95,"Jerry is a consumer app company offering AI-powered automotive services, classifying as PRODUCT. AI is central to their platform (tier 2). They support both office and remote work, and are actively hiring.",,73.22
3862,anomaly,Anomaly,jobs.ashbyhq.com,AGENCY,0,0.95,"Creative agency with roles in account management, creative direction, design, PR, and project management; no AI/ML roles.",,22.21
3885,liveflow,Liveflow,jobs.ashbyhq.com,PRODUCT,0,0.7,"Liveflow appears to be a SaaS product for financial data automation (LiveFlow.io), not an AI consultancy, staffing, or agency. AI is not a core feature. Industry is FinTech. Guessing hybrid work policy and likely has open roles from Ashby jobs page.",,74.44
3967,birdie,Birdie,jobs.ashbyhq.com,PRODUCT,1,0.7,"Birdie is a SaaS platform for home care management, incorporating AI for predictive insights but AI is not the core product.",,40.62
3991,syndica,Syndica,jobs.ashbyhq.com,PRODUCT,1,0.5,"Syndica is known as a Web3 infrastructure platform providing developer tools and nodes, which is a product (SaaS/platform). AI may be used as a capability for analytics but not core. The domain is a job board indicating likely open roles, but no specific content reviewed.",,50.59
4045,wetransfer,Wetransfer,jobs.ashbyhq.com,PRODUCT,0,0.85,"Wetransfer is a well-known file transfer SaaS product with no AI consultancy services. AI tier 0 as no AI core product. Careers page exists on Ashby, indicating open roles. Remote policy unknown.",,33.45
4096,everfield,Everfield,jobs.ashbyhq.com,UNKNOWN,0,0.5,heuristic fallback,,54.01
4102,halborn,Halborn,jobs.ashbyhq.com,PRODUCT,1,0.9,"Halborn offers a SaaS security platform (Halborn Pro), making it a PRODUCT company; they leverage AI in threat detection (tier 1).",,68.42
4133,ravio,Ravio,jobs.ashbyhq.com,PRODUCT,2,0.8,"Ravio is known as an AI-powered compensation benchmarking SaaS product, thus PRODUCT category; AI is core to its offering; industry is HR Technology; they have a careers page indicating open roles; remote policy not specified.",,39.43
4160,moss,Moss,jobs.ashbyhq.com,PRODUCT,1,0.5,"Moss appears to be a spend management platform offering corporate cards and expense management, likely a product company. AI tier assumed 1 as they may use AI for expense categorization. Remote policy unknown. They have open roles on Ashby.",,25.55
4183,marshmallow,Marshmallow,apply.workable.com,PRODUCT,2,0.8,"Marshmallow is an insurtech company whose core car insurance product relies on AI/ML for pricing and underwriting, making AI central to their offering.",,44.12
4248,wayflyer,Wayflyer,jobs.ashbyhq.com,PRODUCT,2,0.6,"Wayflyer is a fintech company providing revenue-based financing to e-commerce businesses, with AI/ML models core to its underwriting and risk assessment. However, no homepage or careers page content was provided for verification.",,39.17
4377,jellyfish,Jellyfish,jobs.ashbyhq.com,PRODUCT,2,0.7,"Jellyfish is a SaaS company providing an AI-powered engineering management platform, making AI core to its product.",,70.14
4490,helius,Helius,jobs.ashbyhq.com,PRODUCT,2,0.7,"Job listings include ML/AI engineers and product roles, indicating an AI-first product company.",,34.18
4511,poolside,Poolside,jobs.ashbyhq.com,PRODUCT,2,0.9,Poolside is a recognized AI company offering an AI-powered software development platform (SaaS product). AI is central to their product. Active job listings on Ashby indicate open roles. Remote policy not explicitly confirmed from provided URLs.,,31.28
4556,almedia,Almedia,jobs.ashbyhq.com,PRODUCT,1,0.6,"Almedia appears to be a mobile ad/rewarded platform, likely a product company. AI is probably used for optimization but not core. Jobs page exists, implying open roles.",,49.91
11706,jobber,Jobber,jobs.ashbyhq.com,PRODUCT,1,0.7,Jobber is a SaaS field service management platform with some AI features; uses Ashby for hiring.,,33.89
11803,cube,Cube,jobs.ashbyhq.com,PRODUCT,1,0.6,"Company name 'Cube' suggests a product company (e.g., Cube Software), but AI involvement is unclear.",,27.99
12057,bags,Bags,jobs.ashbyhq.com,UNKNOWN,0,0.5,heuristic fallback,,57.87
12254,newxel,Newxel,jobs.ashbyhq.com,STAFFING,0,0.9,Newxel is an IT staffing and team augmentation company with no AI-focused product.,,25.26
12288,runna,Runna,jobs.ashbyhq.com,PRODUCT,2,0.7,"Runna is a fitness app that provides AI-driven personalized running training plans, indicating it is a product company with AI central to its offering.",,45.59
12499,voodoo,Voodoo,jobs.ashbyhq.com,UNKNOWN,1,0.8,"Voodoo is a mobile game developer, not a SaaS or consultancy company. They use AI for game optimization but it's not core.",,58.52
12744,poppulo,Poppulo,job-boards.greenhouse.io,STAFFING,0,0.5,heuristic fallback,,43.61
12889,scopely,Scopely,job-boards.greenhouse.io,STAFFING,0,0.5,heuristic fallback,,58.72
12913,typeform,Typeform,job-boards.greenhouse.io,UNKNOWN,0,1.0,"Provided content is from Greenhouse, not Typeform. No information about Typeform available.",,53.11
12919,array,Array,job-boards.greenhouse.io,UNKNOWN,0,0.5,heuristic fallback,,35.9
12933,realm,Realm,job-boards.greenhouse.io,STAFFING,0,0.5,heuristic fallback,,33.19
12962,figma,Figma,job-boards.greenhouse.io,PRODUCT,1,0.6,"Figma is a collaborative design SaaS platform. The provided content is for Greenhouse, not Figma, but based on general knowledge, Figma is a product company with AI features like AI design tools, not an AI core service. Remote policy and open roles unknown from given data.",,55.81
13034,assetwatch,Assetwatch,job-boards.greenhouse.io,STAFFING,0,0.5,heuristic fallback,,40.22
13642,altium,Altium,job-boards.greenhouse.io,PRODUCT,1,0.7,"Greenhouse is a SaaS company providing an AI-powered hiring platform, with AI as a feature rather than the core product.",,47.33
13813,chainguard,Chainguard,job-boards.greenhouse.io,PRODUCT,0,0.8,"Chainguard provides a SaaS product for software supply chain security, not AI/ML services. Careers page exists, so open roles likely, but remote policy is not specified.",,64.25
13835,contentful,Contentful,job-boards.greenhouse.io,STAFFING,0,0.5,heuristic fallback,,50.17
13916,vtex,Vtex,job-boards.greenhouse.io,PRODUCT,1,0.8,"Home page content is for Greenhouse, a SaaS hiring platform with AI features, not Vtex. Classified as PRODUCT with AI as capability.",,49.03
13971,anaplan,Anaplan,job-boards.greenhouse.io,PRODUCT,1,0.7,"The provided page content is related to Greenhouse (an ATS), not Anaplan. Anaplan is known as a cloud-based planning SaaS product, incorporating AI/ML features like predictive analytics but not AI-first. No information on open roles or remote policy available from the given text.",,49.73
13978,showpad,Showpad,job-boards.greenhouse.io,PRODUCT,1,0.7,"Greenhouse offers SaaS applicant tracking system with AI recruiting tools; AI is an integrated capability, not the primary product. No open roles listed on provided page.",,52.46
14087,edmentum,Edmentum,job-boards.greenhouse.io,PRODUCT,1,0.8,"Edmentum is an educational technology company offering SaaS products for K-12, with AI capabilities integrated into some solutions like adaptive learning, but not core to its primary product suite.",,34.26
14130,jetbrains,Jetbrains,job-boards.greenhouse.io,PRODUCT,1,0.95,"Greenhouse is an applicant tracking software and hiring platform, which is a SaaS product. AI is a built-in feature for recruiting, not the core product, so AI tier 1. No job listings were provided on the careers page, so no evidence of open roles. Remote policy not specified.",,27.94
14158,parloa,Parloa,job-boards.greenhouse.io,PRODUCT,2,0.9,"Greenhouse is an AI-powered hiring platform (ATS) with core AI features like candidate summaries, AI job boards, and interview plans. AI is integral to their product offering.",,70.6
14284,valtech,Valtech,job-boards.greenhouse.io,STAFFING,0,0.5,heuristic fallback,,43.96
14297,beyondtrust,Beyondtrust,job-boards.greenhouse.io,STAFFING,0,0.5,heuristic fallback,,45.61
14363,algolia,Algolia,job-boards.greenhouse.io,PRODUCT,2,0.95,"Algolia is a search-as-a-service SaaS platform with AI/ML at its core (NeuralSearch, AI-powered recommendations). It is not a consultancy, staffing, or marketing agency. AI tier 2 because AI is fundamental to their product. Industry is enterprise SaaS/search. Careers page shows many open roles, some fully remote and some onsite, indicating a hybrid remote policy.",,55.03
14518,opentable,Opentable,job-boards.greenhouse.io,PRODUCT,1,0.5,Opentable is a SaaS restaurant reservation platform; AI likely used for recommendations but not core to product.,,60.1
14629,nearform,Nearform,job-boards.greenhouse.io,STAFFING,0,0.5,heuristic fallback,,31.33
14671,pandadoc,Pandadoc,job-boards.greenhouse.io,STAFFING,0,0.5,heuristic fallback,,58.81
14802,bvnk,Bvnk,job-boards.greenhouse.io,STAFFING,0,0.5,heuristic fallback,,56.46
14836,spin,Spin,job-boards.greenhouse.io,PRODUCT,1,0.85,"Greenhouse is a SaaS hiring platform with integrated AI features for recruiting, not a consultancy or agency.",,51.29
14838,alphasense,Alphasense,job-boards.greenhouse.io,PRODUCT,2,0.9,"AlphaSense is a well-known AI-powered market intelligence SaaS platform, so it is a product company with AI at its core. It operates in the technology industry and likely has open roles on its Greenhouse job board.",,55.91
14878,yext,Yext,job-boards.greenhouse.io,PRODUCT,1,0.95,"Greenhouse is an applicant tracking software (SaaS) company with AI-powered features, making it a PRODUCT category with AI as a capability (tier 1). No staffing or consultancy services detected.",,41.23
14941,mixbook,Mixbook,job-boards.greenhouse.io,PRODUCT,1,0.6,"Mixbook is a photo book and personalized products company with AI-powered design features; classified as PRODUCT with AI tier 1 based on known AI integration, but data insufficient.",,55.41
14964,factored,Factored,job-boards.greenhouse.io,CONSULTANCY,2,0.7,"Factored is recognized as an AI and data science consultancy; Greenhouse job board suggests open roles, but no page content provided for policy details.",,71.49
15013,intercom,Intercom,apply.workable.com,PRODUCT,2,0.9,Intercom is a well-known SaaS product company providing customer messaging platforms with AI features like the Fin chatbot at its core.,,45.75
15018,twitch,Twitch,job-boards.greenhouse.io,STAFFING,0,0.5,heuristic fallback,,57.12
15106,dataiku,Dataiku,job-boards.greenhouse.io,PRODUCT,2,0.9,"Dataiku is known for its data science and machine learning platform, making it a product company with AI at its core.",,48.62
15154,datacamp,Datacamp,job-boards.greenhouse.io,PRODUCT,1,0.9,"Datacamp is a well-known online learning platform for data science and AI skills, fitting the PRODUCT category. AI is used as a capability (e.g., personalized recommendations) but is not core to its primary educational content offering, so ai_tier=1. Industry is EdTech. Remote policy cannot be determined from the provided content. The presence of a Greenhouse job board indicates open roles.",,45.22
15226,easyship,Easyship,job-boards.greenhouse.io,PRODUCT,1,0.7,Easyship is a SaaS shipping logistics platform; likely uses AI for rate calculation and tracking; missing specific website content.,,39.39
15400,gocardless,Gocardless,job-boards.greenhouse.io,PRODUCT,1,0.7,Gocardless is a payment processing SaaS company (PRODUCT). AI is used in fraud detection and optimization but not core to its primary offering (ai_tier=1). No open roles or remote policy information provided.,,54.8
15557,zscaler,Zscaler,job-boards.greenhouse.io,PRODUCT,1,0.9,"Zscaler is a cloud-based cybersecurity SaaS company, offering secure access to applications for remote users. AI is used in threat intelligence but not core product.",,37.34
15590,canonical,Canonical,job-boards.greenhouse.io,PRODUCT,1,0.9,"Canonical is the company behind Ubuntu, primarily a software product company with open-source offerings. AI is a capability within their stack (e.g., MLOps, partnerships) but not the core product. They are known for remote-first culture and continuously hire.",,48.73
15621,hoyoverse,Hoyoverse,job-boards.greenhouse.io,PRODUCT,1,0.9,"Hoyoverse is a video game developer (product company), known for games like Genshin Impact. AI likely used in games but not core product offering.",,36.73
15633,doctolib,Doctolib,job-boards.greenhouse.io,PRODUCT,1,0.8,Doctolib is a healthcare SaaS platform for booking appointments and telemedicine; AI is used as a feature but not the core product.,,35.03
15676,point72,Point72,job-boards.greenhouse.io,UNKNOWN,1,0.8,"Point72 is a hedge fund, not an AI consultancy, staffing firm, marketing agency, or SaaS product. They use AI in trading but it is not their core product.",,40.41
15834,robinhood,Robinhood,job-boards.greenhouse.io,STAFFING,0,0.5,heuristic fallback,,37.46
15906,twilio,Twilio,job-boards.greenhouse.io,STAFFING,0,0.5,heuristic fallback,,49.15
15914,vay,Vay,job-boards.greenhouse.io,PRODUCT,2,0.6,"Vay is known as a teledriving startup offering a remote driving service, which is a product. AI likely core to remote perception and control, but exact reliance not fully confirmed from provided data.",,33.95
15931,propel,Propel,job-boards.greenhouse.io,PRODUCT,1,0.7,Based on Greenhouse home page showing a SaaS hiring platform with AI features. Company name 'Propel' may be incorrect; classifying Greenhouse.,,54.74
15951,eucalyptus,Eucalyptus,job-boards.greenhouse.io,STAFFING,0,0.5,heuristic fallback,,42.19
15977,vonage,Vonage,job-boards.greenhouse.io,PRODUCT,1,0.9,Vonage is a cloud communications platform (CPaaS) offering APIs and unified communications; AI features exist but not core to primary product.,,36.87
15988,clickhouse,Clickhouse,job-boards.greenhouse.io,PRODUCT,1,0.8,"Greenhouse is a SaaS applicant tracking system and hiring platform with integrated AI features, not a consultancy, staffing, or agency. AI is a significant capability but not the sole core product. No explicit remote policy or job postings found in provided content.",,65.33
15998,neo4j,Neo4j,job-boards.greenhouse.io,PRODUCT,1,0.8,"Neo4j is a graph database provider, not a consultancy, staffing, or agency. AI is used in graph data science but is not the core offering.",,30.17
16000,cloudflare,Cloudflare,job-boards.greenhouse.io,STAFFING,0,0.5,heuristic fallback,,41.14
16136,inizio,Inizio,job-boards.greenhouse.io,STAFFING,0,0.5,heuristic fallback,,31.77
16226,wolt,Wolt,job-boards.greenhouse.io,PRODUCT,2,0.8,Wolt is a food delivery platform; AI is core to its logistics and recommendations; jobs likely posted on Greenhouse indicate open roles; remote policy unclear without detail.,,30.59
16247,wongdoody,Wongdoody,job-boards.greenhouse.io,STAFFING,0,0.5,heuristic fallback,,41.21
16249,gitlab,Gitlab,job-boards.greenhouse.io,PRODUCT,1,0.9,"Gitlab is a DevOps platform company with AI features (GitLab Duo) integrated into its product, but not core to its identity; publicly known as a fully remote company with ongoing hiring.",,46.75
16273,haven,Haven,job-boards.greenhouse.io,PRODUCT,2,1.0,"Greenhouse is an applicant tracking system (ATS) SaaS platform with built-in AI recruiting features, making AI core to its product.",,30.82
16410,prolific,Prolific,job-boards.greenhouse.io,PRODUCT,1,0.9,"Greenhouse is an applicant tracking system (SaaS) with integrated AI features for recruiting, but AI is not the core product.",,34.56
16468,blacklane,Blacklane,job-boards.greenhouse.io,PRODUCT,2,0.9,Greenhouse is a hiring platform with AI-powered tools; AI is central to their product offering.,,63.03
16543,dept,Dept,job-boards.greenhouse.io,AGENCY,0,0.7,Dept is a known digital agency; no evidence of AI core products; job board suggests open roles.,,35.31
16573,wpp,Wpp,job-boards.greenhouse.io,PRODUCT,2,0.9,Greenhouse is an AI-powered hiring platform (SaaS). AI is core to its product with features like Greenhouse AI and Real Talent.,,39.74
16581,amdaris,Amdaris,job-boards.greenhouse.io,STAFFING,0,0.5,heuristic fallback,,32.12
16583,clear,Clear,job-boards.greenhouse.io,STAFFING,0,0.5,heuristic fallback,,54.71
16826,doubleverify,Doubleverify,job-boards.greenhouse.io,PRODUCT,2,0.95,"Greenhouse is a SaaS applicant tracking system with AI-powered features at the core of its offering, as evidenced by dedicated AI recruiting tools and responsible AI principles.",,28.19
16871,onetrust,Onetrust,job-boards.greenhouse.io,PRODUCT,1,0.7,"Onetrust is a privacy management SaaS company, not a consultancy. They incorporate AI features like automated data discovery, but AI is not their core product.",,33.65
16911,cribl,Cribl,job-boards.greenhouse.io,PRODUCT,1,0.8,Cribl is a product company offering data pipeline and observability software. AI is a capability within their product but not the core offering. No information on remote policy; assumed to have open roles as the domain is a job board.,,48.37
16970,axon,Axon,job-boards.greenhouse.io,PRODUCT,1,0.9,"Greenhouse is a SaaS applicant tracking and hiring platform that incorporates AI features such as AI-powered job boards, candidate summaries, and interview plans. AI is an integrated capability, not the core product function.",,43.7
17163,coursera,Coursera,job-boards.greenhouse.io,PRODUCT,1,0.8,"Greenhouse is a SaaS hiring platform that incorporates AI features such as AI-powered job boards, candidate summaries, and interview plans, but AI is not the core offering.",,56.34
17181,upwork,Upwork,job-boards.greenhouse.io,PRODUCT,1,0.9,"Greenhouse is a software company offering an AI-enhanced hiring platform (SaaS). AI is used as a feature, not core product. No remote work policy or open roles indicated on the provided page.",,35.54
17245,flex,Flex,job-boards.greenhouse.io,STAFFING,0,0.5,heuristic fallback,,42.52
17290,capco,Capco,job-boards.greenhouse.io,CONSULTANCY,1,0.7,Capco is a recognized management consultancy specializing in financial services. Using Greenhouse job boards suggests active hiring. AI is likely a capability they offer but not core to their product.,,44.03
17292,okx,Okx,job-boards.greenhouse.io,PRODUCT,1,0.4,"Okx is a known cryptocurrency exchange, a product company. AI is likely used for trading features but not core. No specific data from provided content (Greenhouse homepage, not Okx) to assess remote policy or open roles; assumed open roles based on company size.",,42.11
17302,commercetools,Commercetools,job-boards.greenhouse.io,PRODUCT,1,0.8,"Greenhouse is a SaaS platform for hiring, not a consultancy or agency. It offers AI features like AI recruiting and candidate matching, but AI is not the core product—it enhances the existing ATS.",,43.66
17379,veza,Veza,job-boards.greenhouse.io,PRODUCT,1,0.7,"Veza is a data security platform (SaaS), not a consultancy or agency. AI/ML is used for access analytics and recommendations, but the core product is authorization governance. No direct information on remote policy or open roles from provided content, which focused on Greenhouse's site, not Veza's.",,58.42
17477,verkada,Verkada,job-boards.greenhouse.io,STAFFING,0,0.5,heuristic fallback,,41.01
17496,similarweb,Similarweb,job-boards.greenhouse.io,PRODUCT,1,0.85,"Greenhouse is a SaaS hiring platform with integrated AI features, not a service-based consultancy.",,40.36
17595,ghd,Ghd,job-boards.greenhouse.io,STAFFING,0,0.5,heuristic fallback,,59.6
17648,huntress,Huntress,job-boards.greenhouse.io,STAFFING,0,0.5,heuristic fallback,,44.23
17661,discord,Discord,job-boards.greenhouse.io,PRODUCT,1,0.85,"Discord is primarily a communication platform, a product company. They use AI for features like noise suppression and moderation, but AI is not the core product.",,45.91
17673,applovin,Applovin,job-boards.greenhouse.io,PRODUCT,2,0.8,"Applovin is a mobile ad tech and gaming platform, which is a product company (SaaS). AI/ML is core to their ad targeting and optimization. No job listings or remote policy data available.",,33.58
17763,engine,Engine,job-boards.greenhouse.io,UNKNOWN,0,0.5,heuristic fallback,,38.95
17847,figment,Figment,job-boards.greenhouse.io,STAFFING,0,0.5,heuristic fallback,,38.64
17885,nice,Nice,job-boards.greenhouse.io,PRODUCT,2,0.95,"Greenhouse is a SaaS company offering an AI-powered hiring platform, making AI core to its product.",,35.23
18910,spotify,Spotify,jobs.lever.co,PRODUCT,2,0.95,"Lever is a SaaS product company offering an AI-powered hiring platform; AI features like screening, sourcing, and insights are core to its value proposition.",,52.29
18924,blueground,Blueground,apply.workable.com,PRODUCT,1,0.7,"Blueground is a real estate company offering furnished apartments, using a proprietary digital platform. AI likely used for pricing/matching but not core. Job board link provided but no actual listings visible.",,67.07
20141,yougov,Yougov,job-boards.greenhouse.io,STAFFING,0,0.5,heuristic fallback,,57.5
20565,ebury,Ebury,job-boards.greenhouse.io,PRODUCT,1,0.8,Greenhouse is an applicant tracking software company providing SaaS hiring platform with AI features.,,66.72
20752,konux,Konux,job-boards.greenhouse.io,STAFFING,0,0.5,heuristic fallback,,31.8
21084,catawiki,Catawiki,job-boards.greenhouse.io,STAFFING,0,0.5,heuristic fallback,,57.09
21367,ledgy,Ledgy,job-boards.greenhouse.io,PRODUCT,2,0.95,Greenhouse is a hiring platform (SaaS) with AI-powered recruiting tools core to its product.,,58.81
21967,caronsale,Caronsale,job-boards.greenhouse.io,STAFFING,0,0.5,heuristic fallback,,49.5
22759,cleo,Cleo,job-boards.greenhouse.io,PRODUCT,2,0.95,"Cleo is an AI-powered financial assistant app, so AI is core to its product, and it operates as a remote-first company with active Greenhouse job listings.",,34.98
22767,commvault,Commvault,job-boards.greenhouse.io,PRODUCT,1,0.8,"Commvault is a data protection SaaS company that offers AI-powered features such as anomaly detection and ransomware protection, indicating AI as a capability rather than core to its product.",,67.62
23224,vizrt,Vizrt,apply.workable.com,PRODUCT,1,0.9,"Vizrt is a well-known provider of real-time 3D graphics and video production solutions for the broadcast industry. The company primarily sells software and integrated systems, fitting the PRODUCT category. AI/ML capabilities are present in features like automated graphics and virtual studio tracking, indicating AI as a supporting capability (tier 1). The provided data from apply.workable.com shows only the Workable platform name, not Vizrt's own site, but external knowledge confirms the classification. The careers page was empty, so no open roles are detected. Remote policy is not specified.",,30.42
23236,with-intelligence,With Intelligence,apply.workable.com,PRODUCT,1,0.4,"With Intelligence is a financial data platform providing analytics and insights, likely using AI for data processing, but core is data intelligence. Limited information from Workable page.",,62.58
23307,employment-hero,Employment Hero,apply.workable.com,PRODUCT,1,0.7,"Employment Hero is a SaaS HR platform with AI features, and the Workable subdomain suggests active hiring.",,45.0
23345,sawhorse-productions,Sawhorse Productions,apply.workable.com,UNKNOWN,0,0.5,heuristic fallback,,44.02
23404,cluse,Cluse,apply.workable.com,PRODUCT,0,0.9,"Cluse is a watch and accessories brand, making it a product company. No evidence of AI integration. Careers page content not provided, so open roles unknown.",,57.31
23518,openlane-europe,Openlane Europe,apply.workable.com,PRODUCT,0,0.4,"Openlane is known as a digital vehicle remarketing platform; limited data suggests product company, no explicit AI, but using Workable for hiring.",,37.33
23571,elements,Elements,apply.workable.com,UNKNOWN,0,0.5,heuristic fallback,,51.39
23581,midnite,Midnite,apply.workable.com,PRODUCT,1,0.6,"Based on company name, Midnite is an esports betting platform, likely a product company. AI usage is assumed for odds and recommendations.",,66.45
23681,freelancer,Freelancer,apply.workable.com,UNKNOWN,0,0.5,heuristic fallback,,32.68
23741,shiftmove,Shiftmove,apply.workable.com,PRODUCT,1,0.7,"Shiftmove is a relocation management software platform, likely a SaaS product with AI capabilities for cost estimation and logistics.",,63.22
23764,nuvei,Nuvei,apply.workable.com,PRODUCT,1,0.9,"Nuvei is a payment technology company offering a SaaS platform, not a consultancy, staffing, or agency. AI is used as a capability (e.g., fraud detection) rather than being core to the product.",,53.2
23841,sense,Sense,apply.workable.com,UNKNOWN,0,0.5,heuristic fallback,,42.67
23969,cybelangel,Cybelangel,apply.workable.com,PRODUCT,2,0.95,"Cybelangel is a cybersecurity SaaS product company with AI-driven threat detection, core to its product offering.",,48.05
24035,sinch,Sinch,apply.workable.com,PRODUCT,1,0.8,"Sinch is a CPaaS provider offering cloud communications APIs. While they incorporate AI features such as chatbots and smart routing, AI is not the core product. They use Workable for job listings, indicating likely open roles. Remote policy is unknown.",,51.75
24097,zego,Zego,apply.workable.com,PRODUCT,1,0.65,"Zego is an insurtech company providing insurance products, not a consultancy, staffing, or agency. AI likely used as a capability. No job listings visible, so no open roles detected.",,41.5
24227,blackstone,Blackstone,apply.workable.com,UNKNOWN,0,0.5,heuristic fallback,,32.5
24232,vortexa,Vortexa,apply.workable.com,PRODUCT,2,0.85,"Vortexa is a SaaS company providing AI-powered energy data analytics, with AI at core of its product. It operates in energy trading intelligence. Careers page indicates open roles and hybrid work policy.",,49.23
24301,infopro-digital,Infopro Digital,apply.workable.com,UNKNOWN,0,0.5,heuristic fallback,,33.01
24369,quanticate,Quanticate,apply.workable.com,UNKNOWN,1,0.5,"Quanticate provides statistical and clinical data services, likely incorporating AI/ML as a capability, but not a core AI product. Does not fit neatly into CONSULTANCY, STAFFING, AGENCY, or PRODUCT categories.",,70.37
24397,fairmoney,Fairmoney,apply.workable.com,PRODUCT,2,0.9,"Fairmoney is a fintech company offering digital lending services via a mobile app, which is its core product. AI/ML is integral to its credit scoring and loan decisioning, making AI core to the product.",,40.91
24467,quantexa,Quantexa,apply.workable.com,PRODUCT,2,0.85,"Quantexa is a product company specializing in AI-driven data and analytics platform. AI is core to its product offering. No information on remote policy or open roles from provided data, but likely has open roles given use of Workable.",,48.72
24574,codurance,Codurance,apply.workable.com,CONSULTANCY,1,0.7,"Codurance is a software consultancy offering AI/ML services as part of its capabilities, but AI is not its core focus.",,55.95
24592,proxymity,Proxymity,apply.workable.com,PRODUCT,1,0.7,"Proxymity is a digital proxy voting SaaS platform, likely using AI for analytics but not core. Open roles inferred from Workable presence.",,62.07
24622,help-scout,Help Scout,apply.workable.com,PRODUCT,1,0.95,"Help Scout is a SaaS product company in the customer service software space. They have integrated AI features like AI-assisted replies and knowledge base suggestions, making AI a capability but not core. They are known for being a remote-first company with open roles on their Workable careers page.",,15.65
24658,focus-group,Focus Group,apply.workable.com,UNKNOWN,0,0.5,heuristic fallback,,34.23
24801,immediate-media-co,Immediate Media Co,apply.workable.com,UNKNOWN,0,0.5,heuristic fallback,,41.67
24807,the-very-group,The Very Group,apply.workable.com,UNKNOWN,0,0.9,"The Very Group is a British online retailer, not a B2B technology services firm.",,34.97
24811,arrakis-finance,Arrakis Finance,apply.workable.com,PRODUCT,1,0.6,"Based on company name and domain, Arrakis Finance appears to be a DeFi protocol, indicating a product company with AI used for algorithmic market making.",,26.73
24955,itrs,Itrs,apply.workable.com,PRODUCT,2,0.95,"ITRS is an AI-powered IT monitoring and observability platform. The homepage highlights AIOps, machine learning anomaly detection, and predictive analytics, indicating AI is core to the product. The careers page suggests active hiring.",,35.06
25043,prosapient,Prosapient,apply.workable.com,CONSULTANCY,1,0.6,"Prosapient is an expert network company providing paid advisory services, likely using AI for matching. Uses Workable for hiring, indicating open roles. Remote policy unknown.",,24.41
25100,tradinghub,Tradinghub,apply.workable.com,UNKNOWN,0,0.5,heuristic fallback,,31.66
25105,ripjar,Ripjar,apply.workable.com,PRODUCT,2,0.8,"Ripjar is an AI-powered financial crime detection SaaS company, AI is core to product.",,20.27
25251,rail-delivery-group,Rail Delivery Group,apply.workable.com,UNKNOWN,0,0.4,"Trade association for UK rail, not fitting consultancy/staffing/agency/product categories; using Workable indicates likely open roles.",,32.25
25256,hso,Hso,apply.workable.com,CONSULTANCY,1,0.6,"Based on the company name 'Hso' likely referring to HSO, an IT consultancy specializing in Microsoft Dynamics 365, offering AI-enhanced solutions but not purely AI; domain and empty careers page provide limited info.",,46.64
25275,bridewell,Bridewell,apply.workable.com,UNKNOWN,0,0.5,heuristic fallback,,46.51
25333,rentokil-initial,Rentokil Initial,apply.workable.com,UNKNOWN,0,0.95,"Rentokil Initial is a global pest control and hygiene services company, not a tech consultancy, staffing, agency, or product company. No AI focus.",,38.41
25344,junglee-games,Junglee Games,apply.workable.com,PRODUCT,0,0.7,"Junglee Games is a known game development company creating mobile and web games, making it a PRODUCT company. AI is not a core product differentiator; they may use AI internally but not as a primary feature. Remote policy unknown from data; Workable careers page implies active hiring.",,30.55
25375,uni-systems,Uni Systems,apply.workable.com,UNKNOWN,0,0.5,heuristic fallback,,34.53
25457,moneyhub,Moneyhub,apply.workable.com,PRODUCT,1,0.7,"Moneyhub is a financial data and open banking platform (SaaS) with AI-powered transaction categorization and insights, but AI is not the core product; they likely have open roles on Workable.",,26.07
25498,payplug,Payplug,apply.workable.com,UNKNOWN,0,0.5,heuristic fallback,,49.34
25532,lyst,Lyst,apply.workable.com,PRODUCT,1,0.85,"Lyst is a fashion e-commerce platform, not a consultancy, staffing, or agency. AI is used for personalization but not the core product. No explicit remote policy known. Likely has open roles given active hiring.",,65.39
25645,lex-diagnostics,Lex Diagnostics,apply.workable.com,UNKNOWN,0,0.5,heuristic fallback,,32.49
25655,and-digital,And Digital,apply.workable.com,CONSULTANCY,1,0.8,"And Digital is a digital transformation consultancy offering AI-related services as part of its capabilities, not purely an AI product company. Based on limited info, open roles are not visible, and remote policy is unknown.",,26.76
25658,numi,Numi,apply.workable.com,UNKNOWN,0,0.5,heuristic fallback,,31.42
25691,carry1st,Carry1st,apply.workable.com,PRODUCT,1,0.8,"Carry1st is a digital commerce and payments platform company, indicating PRODUCT category. AI likely used as a capability, not core. No job listings visible.",,36.69
25762,search,Search,apply.workable.com,UNKNOWN,0,0.5,heuristic fallback,,48.12
25780,sumup,Sumup,apply.workable.com,PRODUCT,1,0.95,"Sumup is a fintech company providing POS systems and payment processing, a product category. AI features like analytics are capabilities but not the core product.",,39.59
25787,retinai,Retinai,apply.workable.com,UNKNOWN,0,0.5,heuristic fallback,,40.72
25804,alohi,Alohi,apply.workable.com,UNKNOWN,0,0.5,heuristic fallback,,35.72
26016,sxaler,Sxaler,jobs.ashbyhq.com,UNKNOWN,0,0.5,heuristic fallback,,20.05
26252,wilson,Wilson,jobs.ashbyhq.com,UNKNOWN,0,0.5,heuristic fallback,,24.49
26288,teya,Teya,jobs.ashbyhq.com,PRODUCT,1,0.8,"Teya is a fintech company offering business accounts, payment processing, and an autonomous AI agent feature, classifying it as a PRODUCT company with AI as a capability (tier 1). Open roles exist. Remote policy unknown.",,52.32
26447,trainline,Trainline,jobs.ashbyhq.com,PRODUCT,1,0.8,"Trainline is a digital platform for train and coach ticketing, a product company. AI is used for features like price prediction and journey planning but not core to the ticket sales product, so ai_tier=1. Careers page likely lists open roles. Remote policy inferred as hybrid based on common industry practice.",,42.74
26467,quantum,Quantum,jobs.ashbyhq.com,PRODUCT,1,0.6,Quantum is a known data storage product company; uses Ashby for recruiting indicating open roles. AI is a capability in their products but not core.,,37.95
26502,nethermind,Nethermind,jobs.ashbyhq.com,UNKNOWN,0,0.6,"Nethermind is a blockchain research and software engineering firm, not primarily focused on AI/ML. They provide infrastructure and security services. No evidence of AI consultancy.",,47.69
26510,superhuman,Superhuman,jobs.ashbyhq.com,PRODUCT,2,0.8,"Superhuman is a known email productivity SaaS with AI core capabilities. No page content provided; remote policy unknown, but likely has open roles given use of Ashby job board.",,33.12
26603,uberall,Uberall,jobs.ashbyhq.com,PRODUCT,1,0.7,"Uberall is a SaaS product for location marketing management with AI features like sentiment analysis and listing optimization. AI is a capability, not core, so ai_tier=1. Open roles likely via Ashby ATS but unconfirmed. Remote policy unknown.",,22.48
26670,neko-health,Neko Health,jobs.ashbyhq.com,PRODUCT,2,0.9,"Neko Health is a health technology product company whose core offering involves AI-driven body scanning and health analysis, clearly a product business with AI at its core.",,54.07
26877,seccl,Seccl,jobs.ashbyhq.com,UNKNOWN,0,0.5,heuristic fallback,,35.65
26985,omaze,Omaze,jobs.ashbyhq.com,UNKNOWN,0,0.5,heuristic fallback,,36.35
27004,tem,Tem,jobs.ashbyhq.com,UNKNOWN,0,0.5,heuristic fallback,,49.21
27130,twenty,Twenty,jobs.ashbyhq.com,PRODUCT,1,0.95,"Twenty is an open-source CRM platform (product). They have a SaaS product. AI is not their main product but they likely incorporate AI features. Their careers page shows active job listings, and they are a remote-first company.",,58.63
27322,forto,Forto,jobs.ashbyhq.com,PRODUCT,1,0.8,"Forto is a digital freight forwarding platform, classifying it as a PRODUCT company. AI is integrated into logistics optimization, so ai_tier=1. The careers page on Ashby suggests active hiring.",,28.28
27350,cloudscaler,Cloudscaler,jobs.ashbyhq.com,CONSULTANCY,1,0.8,Cloudscaler is a known cloud consultancy that provides AI/ML services as part of its offerings.,,33.27
27380,clickup,Clickup,jobs.ashbyhq.com,PRODUCT,1,0.9,"ClickUp is a SaaS project management tool with AI features (ClickUp AI) as a capability, not core to product. Known to be a fully remote company, and active careers page indicates open roles.",,27.83
27387,vertical-aerospace,Vertical Aerospace,jobs.ashbyhq.com,UNKNOWN,0,0.5,"Company name suggests aerospace manufacturing, not a SaaS product, consultancy, staffing, or agency. No AI evident.",,30.97
27515,humaans,Humaans,jobs.ashbyhq.com,PRODUCT,1,0.9,"Humaans is an HR SaaS platform, making it a PRODUCT company. They incorporate AI features but it's not core, so AI tier 1. Known to be fully remote and actively hiring.",,36.86
28033,dolarapp,Dolarapp,jobs.ashbyhq.com,UNKNOWN,0,0.5,heuristic fallback,,32.6
28099,dex,Dex,jobs.ashbyhq.com,UNKNOWN,0,0.5,heuristic fallback,,39.64
28235,duckduckgo,Duckduckgo,jobs.ashbyhq.com,PRODUCT,1,0.85,"DuckDuckGo is a search engine product company. It utilizes AI/ML for search results and features, but its core value proposition is privacy, not AI. The company is known for being fully remote. Based on the jobs subdomain, open roles are likely.",,25.95
28243,unlikelyai,Unlikelyai,jobs.ashbyhq.com,UNKNOWN,0,0.5,heuristic fallback,,29.16
28336,improbable,Improbable,jobs.ashbyhq.com,PRODUCT,2,0.9,"Improbable is a technology company providing a platform (Morpheus) for building large-scale virtual worlds and simulations, which is a SaaS product. Morpheus is described as a generative model, indicating AI is core to the product.",,41.17
28447,hyperscience,Hyperscience,jobs.ashbyhq.com,PRODUCT,2,0.95,Hyperscience provides an AI-powered Intelligent Document Processing platform; AI is fundamental to its product. The company's careers page confirms active hiring.,,31.03
28535,lawhive,Lawhive,jobs.ashbyhq.com,PRODUCT,2,0.8,"Lawhive is a legal tech SaaS platform with AI-powered features for document automation and legal advice, with open roles listed on Ashby.",,44.3
28536,ontic,Ontic,jobs.ashbyhq.com,PRODUCT,2,0.8,"Ontic provides a SaaS platform for protective intelligence, with AI core to its threat detection and analysis capabilities.",,42.36
31624,linearity,Linearity,apply.workable.com,UNKNOWN,0,0.5,heuristic fallback,,36.1
31720,appvia,Appvia,apply.workable.com,UNKNOWN,0,0.5,heuristic fallback,,51.78
31778,equus-software,Equus Software,apply.workable.com,PRODUCT,0,0.7,"Equus Software is a known provider of relocation management software (SaaS), fitting the PRODUCT category. No AI features evident.",,79.81
31900,clarion-events,Clarion Events,apply.workable.com,UNKNOWN,0,0.8,"Company is in events industry, no AI core. Limited info.",,31.42
32192,dext,Dext,apply.workable.com,PRODUCT,2,0.8,"Dext provides AI-driven receipt and invoice data extraction for accounting, making AI core to its SaaS product.",,28.27
32458,truelayer,Truelayer,apply.workable.com,PRODUCT,1,0.9,"Truelayer is a fintech company selling open banking APIs as a product, with AI-powered data enrichment features, remote-first culture, and active job listings.",,45.35
32955,universum,Universum,apply.workable.com,UNKNOWN,0,0.5,heuristic fallback,,35.86
33092,hero-software,Hero Software,apply.workable.com,PRODUCT,0,0.5,"Company name 'Hero Software' suggests a software product company. No additional information about AI capabilities, remote work, or current job openings is available.",,33.46
33342,skycell-ag,Skycell Ag,apply.workable.com,UNKNOWN,0,0.5,heuristic fallback,,65.15
33497,conflux,Conflux,apply.workable.com,UNKNOWN,0,0.5,heuristic fallback,,28.44
33557,mlabs,Mlabs,apply.workable.com,CONSULTANCY,2,0.7,Company name 'Mlabs' suggests an AI/ML consultancy. No other information available.,,32.75
34236,anza,Anza,anza.xyz,PRODUCT,0,0.8,"Anza is a Solana R&D lab building blockchain infrastructure products, with no apparent AI focus.",,24.22
34237,apricot-finance,Apricot Finance,apricot.one,PRODUCT,0,0.6,"Limited information; name suggests a financial product, likely a fintech or DeFi platform. No evidence of AI, consultancy, or staffing.",,29.8
34238,arweave,Arweave,arweave.org,PRODUCT,0,0.9,"Arweave is a decentralized storage network, not an AI consultancy, staffing, or agency. No AI mention; product category.",,29.66
34242,audius,Audius,audius.co,PRODUCT,1,0.8,"Audius is a music streaming platform for artists and fans, indicating a product company. AI is likely used for music recommendation and discovery but not core to the product.",,29.63
34243,aurory,Aurory,aurory.io,PRODUCT,0,0.85,Game studio developing a Web3 creature collection game with no mention of AI capabilities.,,41.77
34245,bitrobot-foundation,BitRobot Foundation,bitrobot.ai,UNKNOWN,2,0.9,"Foundation is a non-profit open research lab, not a B2B consultancy, staffing, agency, or product company.",,48.59
34252,campfire-investments,Campfire Investments,campfire.money,UNKNOWN,0,0.5,heuristic fallback,,35.11
34255,chillchat-games,Chillchat Games,chillchat.com,PRODUCT,1,0.7,"Chillchat Games is a game development studio, primarily producing video games (product). They likely use AI for game mechanics but AI is not the core differentiator. Remote policy unknown, no clear open roles from provided information.",,48.61
34260,coinflow-labs,Coinflow Labs,coinflow.cash,PRODUCT,0,0.95,"Coinflow Labs offers a payment infrastructure platform, not AI/ML services.",,29.67
34263,cube-group-inc,"Cube Group, Inc.",cube.exchange,PRODUCT,0,0.9,"Cube is a crypto hybrid exchange, a product/platform, with no AI focus mentioned.",,42.44
34264,dain,Dain,dain.org,UNKNOWN,0,0.5,heuristic fallback,,41.83
34265,darklake-labs,Darklake Labs,darklakelabs.com,PRODUCT,0,0.9,"Company builds products and tools for its own protocol, not offering consultancy or staffing services. No AI mentioned.",,27.65
34266,deriverse,Deriverse,deriverse.io,PRODUCT,0,0.75,"Deriverse appears to be a decentralized trading platform on Solana, fitting the PRODUCT category. No AI capabilities mentioned on home page, so ai_tier=0. No remote policy or open roles information available.",,55.53
34267,dialect,Dialect,dialect.to,PRODUCT,0,0.95,"Dialect is a product company offering a Web3 UX stack (Blinks, Alerts) with APIs/SDKs. No AI/ML component mentioned.",,34.11
34273,equitize,Equitize,goequitize.com,PRODUCT,0,0.95,"Synthesys provides a tokenized capital markets infrastructure platform (SaaS), which is a product. No AI/ML services mentioned. No open roles visible.",,35.07
34275,everstake,Everstake,everstake.one,UNKNOWN,0,0.5,"Based on general knowledge, Everstake is a blockchain staking service provider, not an AI consultancy, staffing, agency, or product company. No AI focus. Industry is blockchain. Remote policy unknown, no open roles info.",,53.87
34276,exo-tech,Exo Tech,exotechnologies.xyz,CONSULTANCY,1,0.9,Software development firm offering blockchain and AI/ML consulting services. AI is an available capability but not the core focus. No clear remote policy or open roles information visible.,,37.35
34306,jito-foundation,Jito Foundation,jito.wtf,PRODUCT,0,0.9,"Jito offers Solana MEV infrastructure products (client software, block engine) with no AI/ML capabilities. It is a product company in the blockchain industry.",,48.28
34309,kamino-finance,Kamino Finance,kamino.finance,PRODUCT,0,0.85,"Kamino is a Solana-based DeFi protocol offering lending, borrowing, and yield optimization. It is a product company in finance. No evidence that AI is central to its offering; it primarily uses algorithmic strategies. No careers page information available, so remote policy and open roles are assumed unknown/false.",,37.25
34313,loopscale,Loopscale,loopscale.com,UNKNOWN,0,0.5,heuristic fallback,,29.91
34314,luminous-labs-light-protocol,Luminous Labs (Light Protocol),lightprotocol.com,PRODUCT,0,0.85,"Company provides blockchain infrastructure product (Light Protocol) on Solana, no AI/ML mentioned.",,30.94
34319,mirror-world,Mirror World,sonicsvm.org,PRODUCT,0,0.9,"Mirror World Inc. operates Sonic SVM, a blockchain protocol on Solana, making it a product company. The product focuses on attention metrics and rewards, with no explicit AI/ML components mentioned, so ai_tier is 0. No career page information available, so remote policy is unknown and no open roles detected.",,50.22
34320,monkedao,MonkeDAO,monkedao.io,UNKNOWN,0,0.9,"MonkeDAO is a community-owned NFT DAO with no AI/ML services, consultancy, staffing, agency, or SaaS product; purely a Web3 social organization.",,30.12
34322,nightly,Nightly,nightly.app,UNKNOWN,0,0.5,heuristic fallback,,39.1
34323,nosana,Nosana,nosana.io,PRODUCT,2,0.9,"Nosana provides a distributed GPU cloud platform for AI and high-performance workloads, clearly a product (platform), with AI as a central use case.",,46.58
34324,nous-research,Nous Research,nousresearch.com,PRODUCT,2,0.95,"Nous Research is an AI product company that trains open-source language models and provides infrastructure (API, distributed training). They are fully remote and have active job openings.",,37.67
34330,phase-labs,Phase Labs,phaselabs.io,PRODUCT,0,0.95,"Company is a product company creating financial tools for Web3, with no indication of AI capabilities or consultancy services.",,31.02
34331,tapestry,Tapestry,usetapestry.dev,PRODUCT,0,0.95,"Tapestry is a SaaS platform providing social graph APIs for Solana applications, with no AI features mentioned.",,33.8
34332,pyra,Pyra,pyra.fi,PRODUCT,0,0.95,"Pyra is a crypto fintech product offering yield and spending via DeFi, with no AI-related services or mentions.",,20.91
34333,pyth-network,Pyth Network,pyth.network,PRODUCT,0,0.8,"Pyth Network is a decentralized oracle providing real-time price feeds for blockchain applications, with no mention of AI/ML services, consultancy, or staffing. It is purely a product company in the blockchain financial data space.",,55.97
34335,raad-labs,Raad Labs,raad.com,UNKNOWN,0,0.8,"Raad Labs provides drone-based aerial data capture services, not AI/ML consulting or products. While they have a software platform, their core business is drone operations across industries like construction and insurance. No evidence of AI as a core offering. They have open engineering and operations roles, and their positions are remote.",,57.44
34336,refi-hub,Refi Hub,refihub.io,PRODUCT,0,0.95,"Refi Hub is a tokenized renewable energy investment platform, not an AI/ML services company. No AI in product.",,32.31
34337,render-foundation,Render Foundation,renderfoundation.com,PRODUCT,0,0.8,"Render Foundation operates a decentralized GPU rendering network, which is a product. No explicit AI capabilities mentioned in the provided text.",,29.08
34340,sendai,SendAI,sendai.fun,PRODUCT,2,0.9,"Applied AI lab building AI-first crypto trading infrastructure, core product is AI-driven",,33.13
34341,sevenlabs,SevenLabs,sevenlabs.org,CONSULTANCY,0,0.95,"Company offers Solana engineering services (programs, indexing, backends, infrastructure) and solicits client engagements via 'Book a call'. No AI/ML services mentioned. Not staffing, agency, or SaaS.",,28.65
34342,skytrade,SkyTrade,sky.trade,PRODUCT,0,0.95,"SkyTrade is a software platform for cities to manage drone airspace, with no mention of AI capabilities.",,41.28
34343,sns,SNS,sns.id,PRODUCT,0,0.95,Solana Name Service is a blockchain product with no indication of AI capabilities or services.,,29.93
34344,sanctum,Sanctum,socean.fi,PRODUCT,0,1.0,"Company is a Solana liquid staking protocol and infrastructure provider, no AI focus.",,27.92
34345,solana-id,Solana ID,solana.id,PRODUCT,0,0.95,"Product company offering a decentralized identity platform on Solana, not an AI service.",,37.01
34346,solana-labs,Solana Labs,solanalabs.com,PRODUCT,0,0.9,Company develops blockchain products (like Solana Seeker) and accelerates the Solana ecosystem. No AI consultancy or staffing. Fits PRODUCT category.,,61.42
34347,solayer-labs,Solayer Labs,solayer.org,PRODUCT,0,0.9,"Solayer Labs builds hardware-accelerated SVM blockchain infrastructure and DeFi products (staking, stablecoin, payments). No AI/ML services or capabilities mentioned; core focus is on blockchain performance via hardware, not AI. No open roles or remote policy information provided.",,39.25
34348,save-formerly-solend,Save (formerly Solend),save.finance,PRODUCT,0,0.95,"Save is a DeFi lending protocol on Solana, a product with no AI/ML services.",,15.4
34350,soon,SOON,soo.network,PRODUCT,0,0.9,"Company appears to be a blockchain infrastructure product based on Solana Virtual Machine, with no AI or consulting services mentioned.",,35.14
34351,sphere,Sphere,spherepay.co,PRODUCT,0,0.9,Sphere is a stablecoin payments platform offering APIs and dashboards as a product. No AI or ML mentioned.,,40.78
34353,star,Star,star.fun,PRODUCT,0,0.9,"Company appears to be a fundraising platform for startups, likely a SaaS product; no AI services or AI mention, no consultancy or staffing.",,30.14
34354,star-atlas,Star Atlas,staratlas.com,PRODUCT,0,0.8,"Company is a video game developer/publisher, product-focused. No AI/ML services offered. AI not prominently featured in product. Remote policy unknown due to missing careers page content.",,52.85
34355,step-finance,Step Finance,step.finance,PRODUCT,1,0.7,"Step Finance is a data analytics platform for Solana, a SaaS product using AI for insights.",,55.11
34356,streamflow,StreamFlow,streamflow.finance,PRODUCT,0,0.95,"StreamFlow offers a token distribution platform (SaaS) on Solana, with no AI/ML features evident from the homepage.",,27.68
34358,synesis-one,Synesis One,synesis.one,UNKNOWN,0,0.5,heuristic fallback,,48.12
34359,temporal,Temporal,temporal.xyz,CONSULTANCY,0,0.6,"The company describes itself as a crypto-native research & development firm working with teams on technical problems, indicating consultancy services in crypto/blockchain. No mention of AI, no clear product offering, and no specific remote policy or open roles confirmed.",,68.13
34362,vybe-network,Vybe Network,vybenetwork.com,PRODUCT,0,1.0,"Vybe Network is a Solana wallet tracker and portfolio analytics app, offering SaaS product with no AI/ML features mentioned.",,25.67
34368,written,Written,written.app,PRODUCT,1,0.6,"Domain 'written.app' suggests a writing-related SaaS application, likely a product company. No additional info available.",,23.55
35373,wedo,WeDo,wedotech.uk,STAFFING,0,0.95,"WeDo Tech is a technology recruitment agency specializing in placing candidates in roles like Dynamics 365, software development, etc. No AI/ML services or products.",,42.18
35941,elsewhen,Elsewhen,elsewhen.com,CONSULTANCY,2,0.95,"Elsewhen explicitly positions itself as an AI consultancy, offering custom AI/ML development and strategy services. AI is core to its value proposition. Homepage invites talent to join, implying open roles, but careers page details are missing, so remote policy remains unknown.",,40.8
36168,ibsc,IBSC,ibs-c.co.uk,STAFFING,0,0.9,"IBSC is an IT recruitment agency (staffing) with no evident AI services or products. No AI tier. Their website shows placeholder content and no actual job listings, indicating no current open roles. Remote work policy for the company is not specified.",,47.63
36589,tact,Tact,tact-it.co.uk,STAFFING,0,0.9,"Home page explicitly states 'building teams', indicating a staffing/recruitment focus.",,18.93
38629,magic-eden,Magic Eden,magiceden.io,PRODUCT,1,0.9,"Magic Eden is an NFT marketplace platform, making it a product company. AI is not highlighted as core but likely used for features like recommendations.",,27.57
38630,pye,Pye,pye.fi,PRODUCT,0,0.9,"Pye is a DeFi protocol on Solana, not a service company; no AI capabilities evident from the website.",,38.12
38632,runtime-v-rification,Runtime Vеrification,runtimeverification.com,CONSULTANCY,0,0.8,"The company offers high-assurance cybersecurity consulting services, including formal verification and audits, not AI/ML services. They mention AI only as a source of software bugs, not as their service. They have tools but primary business is consulting. Remote policy is remote-friendly (hybrid). Careers page requests resumes but lists no specific open roles.",,54.64
38642,chainstack,Chainstack,chainstack.com,PRODUCT,1,0.85,"Chainstack offers blockchain RPC infrastructure as a service with pricing plans, indicating a PRODUCT company. AI is mentioned as a capability (AI Ready, MCP server) but not core to the product, so ai_tier 1. No remote work or open roles info on main page.",,52.8
38643,ankr,Ankr,ankr.com,PRODUCT,0,0.9,"Ankr is a Web3 infrastructure platform providing decentralized cloud services, not an AI/ML consultancy; AI is not mentioned as a core capability.",,64.89
38644,openzeppelin,OpenZeppelin,openzeppelin.com,CONSULTANCY,1,0.85,"OpenZeppelin primarily offers paid security audit services and consulting alongside open-source smart contract tools, with AI features as an added capability rather than the core product.",,48.47
38645,cure53,Cure53,cure53.de,UNKNOWN,0,0.95,Cure53 is a cybersecurity consultancy specializing in penetration tests and security audits. It does not offer AI/ML services and therefore does not match the CONSULTANCY category for AI/ML consultancy.,,29.11
38646,least-authority,Least Authority,leastauthority.com,CONSULTANCY,0,0.7,"Least Authority is a security consulting firm, not an AI company. They offer paid security audits and consulting services, fitting the CONSULTANCY category. No indication of AI capabilities.",,40.1
38647,chainsafe,ChainSafe,chainsafe.io,CONSULTANCY,1,0.9,"ChainSafe provides paid blockchain protocol development, infrastructure, and co-development services, making them a technical consultancy. They offer an AI-powered development assistant (DAML Autopilot) but AI is not central to their core services, so ai_tier=1. The company is remote-first with flexible location choices. The careers page explicitly states no open positions.",,63.37
38648,labrys,Labrys,labrys.io,UNKNOWN,0,0.9,"Labrys is a blockchain and Web3 development company offering consulting and development services, but not focused on AI/ML services. No AI-related services mentioned, and AI only appears as an industry they serve with blockchain solutions. No evidence of open roles on home page; careers page content not provided.",,52.37
38649,hashcash-consultants,HashCash Consultants,hashcashconsultants.com,CONSULTANCY,1,0.85,"Company offers AI development services as part of its consulting and advisory, alongside blockchain products. AI is not core but a capability. No explicit remote policy or open roles listed.",,71.54
38656,the-reliable-jobs,The Reliable Jobs,thereliablejobs.com,STAFFING,0,0.95,"The Reliable Jobs is a Web3 recruitment agency that provides staffing services by sourcing candidates from their network and charging upon successful placement. No AI capabilities are mentioned, making their core business non-AI. Hence, category STAFFING with ai_tier 0.",,40.33
38659,enzo-tech-group,Enzo Tech Group,enzotechgroup.com,STAFFING,0,0.95,"Company is a recruitment agency specializing in IT and professional placements, no indication of AI services.",,32.3
38679,trinnovo,Trinnovo,trinnovo.com,STAFFING,1,0.7,"Trinnovo Group is primarily a recruitment and staffing firm with a consulting arm that mentions AI strategy. The core offering is body-shop staffing services augmented by consulting, making STAFFING the most fitting category. AI is a service capability rather than the core product.",,55.35
38684,idpp,idpp,idpp.com,STAFFING,0,0.95,"Company provides IT/Telco staffing and resource solutions, including freelance contractors, permanent recruitment, and managed services. No mention of AI or ML capabilities.",,32.93
38686,stealth-it-consulting,Stealth iT Consulting,stealth-it.com,STAFFING,0,0.9,"Company primarily offers recruitment and talent solutions (staff augmentation and contingent recruitment). AI is only a specialization area for placing candidates, not a core product or AI consultancy service.",,68.83
38687,techshack,TechShack,tech-shack.co,STAFFING,0,0.95,"TechShack is a technology recruitment agency placing candidates in permanent and contract roles, fitting the STAFFING category. They do not offer AI/ML consulting services.",,34.0
38688,digital-skills-ltd,Digital Skills ltd,digitalskills.com,STAFFING,0,0.9,Company focuses on providing skilled people and building feature teams (body-shop) rather than pure consultancy or product. No explicit AI services mentioned.,,50.92
38912,evantis-technology,Evantis Technology,evantistechnology.com,STAFFING,1,0.9,"Company primarily offers staff augmentation and project delivery with consultants, including AI consultants. Testimonials confirm they are a staffing partner.",,39.65
38914,walma,walma,walma.ai,CONSULTANCY,2,0.95,"The company explicitly calls itself an AI consultancy (AI-konsultbyrå) and a consultancy company within AI and automation. It offers paid AI/ML implementation services, building AI solutions for clients from idea to production. AI is core to its service. No information on remote policy or open roles found.",,69.19
38916,sonio,Sonio,sonio.ai,PRODUCT,2,0.95,"Sonio offers a cloud-based ultrasound reporting software with FDA-cleared AI modules integrated into the core workflow, making it a SaaS product where AI is central.",,22.44
38918,phrase,Phrase,phrase.com,PRODUCT,2,0.95,"Phrase offers an AI-powered localization and translation platform (SaaS), making it a PRODUCT. AI is core to its platform with features like AI translation, quality scoring, and automated workflows. No explicit remote work policy is mentioned on the provided pages, but careers indicate open positions.",,33.61
38919,peec,Peec,peec.ai,PRODUCT,2,0.95,"Peec offers a SaaS product for AI search analytics, making the category PRODUCT. AI is the core of their analytics product, so ai_tier 2. The industry is marketing analytics. The careers page indicates most team members are in-office with relocation support, implying onsite. Multiple job openings are listed, so has_open_roles true.",,41.48
38920,world-wide-technology,World Wide Technology,wwt.com,CONSULTANCY,1,0.8,"WWT offers AI and data services as part of its broad technology consulting and implementation portfolio, with a dedicated AI Proving Ground, but AI is not the sole focus. The company has active job openings across regions.",,42.99
38921,vinny,Vinny,askvinny.com,PRODUCT,2,0.95,"Vinny is an AI-powered property management SaaS platform, with AI as the core product, hiring remote roles.",,23.51
38924,acousticai-com,ai|coustics,acousticai.com,UNKNOWN,0,0.5,heuristic fallback,,41.89
38926,aindo-com,Aindo,aindo.com,PRODUCT,2,0.95,"Aindo offers a synthetic data platform (SaaS) where AI is core to the product (generative models). They are not a consultancy, staffing, or agency. Careers page indicates hybrid remote work and lists open positions.",,35.64
38932,axyon-ai,Axyon AI,axyon.ai,PRODUCT,2,0.95,Company provides AI-powered investment signals and strategies as a core product; AI is central; industry is finance; hybrid work policy; open roles listed.,,26.69
38934,bigml-com,BigML,bigml.com,PRODUCT,2,0.95,"BigML offers a machine learning platform as a service, making it a PRODUCT company with AI core to its offering.",,33.89
38939,craft-ai,Craft AI,craft.ai,PRODUCT,2,0.9,"Company offers AI platform and applications (AI Assistant, AI Studio) as products, emphasizing product features and consumption-based pricing. No evidence of primary focus on custom services or staffing.",,53.72
38943,deepcode-ai,DeepCode (Snyk),deepcode.ai,PRODUCT,2,0.8,"DeepCode is an AI-powered code review platform acquired by Snyk, a developer security company. AI is core to the product.",,33.69
38950,heuritech-com,Heuritech,heuritech.com,PRODUCT,2,0.9,"Heuritech offers an AI-powered fashion trend forecasting SaaS platform, where AI is core to the product. The website clearly states 'We're hiring' and promotes open roles, indicating active recruitment. Remote work policy is not specified.",,34.83
38951,infermedica-com,Infermedica,infermedica.com,PRODUCT,2,0.98,"Infermedica sells AI-powered triage and patient intake solutions as a SaaS product, not services. AI is core to the product. They are remote-first with open roles.",,28.14
38957,modulos-ai,Modulos,modulos.ai,PRODUCT,2,0.8,"Modulos offers an AI governance platform as a SaaS product, with AI core to risk detection and compliance features. Publicly available information suggests they are a product company focused on responsible AI.",,37.64
38959,nordeus-com,Nordeus,nordeus.com,PRODUCT,1,0.95,"Nordeus is a mobile games company (product). They use AI/ML as a capability (data science roles) but it's not core to the product. They promote 'Living in Belgrade' and office culture, suggesting hybrid/onsite. They have 6 open positions.",,31.7
38976,alexanderthamm-com,Alexanderthamm,alexanderthamm.com,CONSULTANCY,2,0.9,"Alexander Thamm is a recognized data science and AI consultancy, delivering AI/ML services as its core offering.",,50.0
38979,inform-software-com,Inform Software,inform-software.com,PRODUCT,2,0.95,"INFORM develops and sells AI-powered process optimization software products, serving over 1000 customers. AI is core to their offerings (Process AI), and they have open job vacancies.",,38.04
38983,kernix-com,Kernix,kernix.com,UNKNOWN,0,0.5,heuristic fallback,,53.05
38984,mhp-com,Mhp,mhp.com,CONSULTANCY,1,0.85,"MHP is a technology and business consultancy offering AI, cloud, and digital transformation services, classifies as CONSULTANCY. AI is a service capability, not the core product, thus ai_tier=1. Primarily serves automotive and manufacturing industries. Remote work policy not stated on the provided page, inferred as unknown. The career section mentions a Job Locator, indicating active hiring, so has_open_roles=true.",,40.95
38986,ceadar-ie,Ceadar,ceadar.ie,CONSULTANCY,2,0.95,"CeADAR is Ireland's national centre for Applied AI, providing AI/ML consulting services, developing solutions, and supporting businesses with AI adoption. AI is core to its mission. No open roles listed.",,50.43
38993,aisuperior-com,Aisuperior,aisuperior.com,CONSULTANCY,2,0.9,"AI Superior is a German-based AI services company providing AI consulting, development, and training, with AI as the core offering (ai_tier 2). No explicit remote policy stated, and the careers page shows no open positions.",,46.99
38995,netguru-com,Netguru,netguru.com,CONSULTANCY,2,0.85,"Netguru is a software development and AI consultancy offering services like building AI-powered products, GenAI workshops, and AI consulting. AI is core to their service offering. The company appears to be remote-first with open roles on the careers page.",,41.21
38999,capgemini-com,Capgemini,capgemini.com,CONSULTANCY,1,0.9,"Capgemini is a global IT consulting and services firm offering AI/ML services as part of its portfolio. It is not a product company or staffing agency. AI is a capability, not core product. They have a careers page with job search indicating open roles.",,41.2
39002,ekimetrics-com,Ekimetrics,ekimetrics.com,CONSULTANCY,2,0.8,"Ekimetrics is a data science and AI consultancy offering paid ML/AI services to clients, with AI core to its service delivery.",,36.14
39003,sicara-fr,Sicara,sicara.fr,CONSULTANCY,2,0.95,"Theodo offers AI/ML services (AI Modernisation, Data, Artificial Intelligence) as a core consultancy, with AI tier 2. They are an IT consultancy serving multiple industries, no explicit remote policy stated, and they have a careers page indicating open roles.",,36.69
39004,zeta-alpha-com,Zeta Alpha,zeta-alpha.com,PRODUCT,2,0.95,Company is a product company offering an enterprise AI search and RAG platform. AI is core to their product.,,45.91
39005,ortec-com,Ortec,ortec.com,CONSULTANCY,1,0.9,"Ortec provides decision support software and data science expertise, fitting consultancy for AI/ML services. They mention AI and data science explicitly, and have a 'Science & AI' section. Industry is information technology, serving multiple sectors. Many offices suggest hybrid/onsite, but remote policy unknown. Careers page indicates open roles.",,44.56
39006,d-fine-com,D Fine,d-fine.com,CONSULTANCY,1,0.85,"D Fine is a management consultancy offering AI and data analytics services. They have a job portal indicating open roles, but remote work policy is not explicitly stated.",,59.37
39007,futurice-com,Futurice,futurice.com,CONSULTANCY,1,0.9,"Provides AI/ML consulting services as part of digital transformation, with dedicated AI workflows and automation service line. No SaaS product. Careers page indicates open positions.",,39.17
39009,commasoft-de,Commasoft,commasoft.de,CONSULTANCY,2,0.95,"Commasoft is a digital transformation consultancy with AI/ML expertise, offering GenAI consulting and an AI platform (Alan). They describe themselves as consultants ('Beratung', 'Consulting') and have 150 AI experts. They serve multiple industries, classifying them as CONSULTANCY with AI core (tier 2). No remote policy info on provided pages, but they have a job portal indicating open roles.",,59.31
39011,computas-com,Computas,computas.com,CONSULTANCY,2,0.95,"Computas is a Nordic IT services and consultancy firm, explicitly highlighting AI expertise with multiple AI case studies and offering AI workshops. AI is core to their service offerings. The site lists open positions under 'Ledige stillinger', indicating active hiring.",,35.35
39012,zuehlke-com,Zuehlke,zuehlke.com,CONSULTANCY,1,0.95,"Zuehlke is a global transformation and innovation partner offering paid AI/ML services such as AI solutions and data expertise, fitting CONSULTANCY. It is not a staffing, agency, or product firm. AI is a capability (tier 1), not the core product. The company operates in IT services and consulting across multiple sectors. Open roles are advertised on the careers page. Remote policy is not explicitly stated, defaulting to unknown.",,64.39
39114,jd-ross-energy,JD Ross Energy,linkedin.com,CONSULTANCY,1,0.5,heuristic fallback,,30.27
39119,deloitte,Deloitte,linkedin.com,CONSULTANCY,1,0.95,"Deloitte is a global professional services firm with AI consulting services; AI is a capability, not core product; careers page indicates hybrid work with open roles.",,26.56
39123,opus-technologies,Opus Technologies,linkedin.com,CONSULTANCY,1,0.5,heuristic fallback,,36.64
39214,steven-bartlett-private-office,Steven Bartlett Private Office,linkedin.com,UNKNOWN,0,0.7,"Steven Bartlett Private Office manages investments and media ventures, not a B2B AI consultancy or product company.",,53.64
39217,flightstory,FLIGHTSTORY,linkedin.com,UNKNOWN,0,0.5,heuristic fallback,,58.16
39220,recruitment-entrepreneur,Recruitment Entrepreneur,linkedin.com,CONSULTANCY,1,0.5,heuristic fallback,,37.32
39242,latam-jobs,LATAM Jobs,linkedin.com,STAFFING,0,0.7,Company name suggests a job board or recruiting service; no evidence of AI offerings; LinkedIn pages lacked company-specific content.,,30.72
39276,simera,Simera,linkedin.com,STAFFING,0,1.0,Company is explicitly a staffing company connecting remote professionals from LatAm; no AI capabilities mentioned; remote-first; has open roles.,,47.51
39278,vacantes-remotas-trabajo-remoto,Vacantes Remotas: Trabajo remoto,linkedin.com,CONSULTANCY,1,0.5,heuristic fallback,,41.37
39280,remotojob,RemotoJob,remotojob.com,PRODUCT,0,0.8,"Job board platform offering subscription plans, fitting SaaS product model, with no AI integration.",,53.67
39281,trabajo-en-remoto,Trabajo en Remoto,linkedin.com,UNKNOWN,0,0.5,"Name translates to 'remote work', likely a job board or platform; no evidence of AI services or product.",,44.01
39283,workana,Workana,linkedin.com,CONSULTANCY,1,0.5,heuristic fallback,,37.86
39285,jobatus,Jobatus,jobatus.es,PRODUCT,0,0.95,"Jobatus is a job search aggregator website (SaaS product), not an AI consultancy, staffing, or agency. No AI mentioned on homepage; likely no AI core. Careers page is just a WordPress login, indicating no public open roles.",,59.08
39286,trabajo-remoto-empleo-100-remoto,Trabajo remoto: Empleo 100% remoto,linkedin.com,PRODUCT,1,0.5,"Pages are from linkedin.com, which is LinkedIn, a software product company. Unable to confirm remote policy.",,43.7
39287,soyfreelancer,SoyFreelancer,soyfreelancer.com,PRODUCT,0,0.95,"SoyFreelancer.com is a freelance marketplace platform where users post projects and hire freelancers. It is a product (SaaS platform) with no indication of AI/ML services or capabilities. The careers page returns a 404 error, so no open roles are visible, and the company's remote work policy is not explicitly stated.",,38.84
39288,trabajo-online,Trabajo online,linkedin.com,PRODUCT,2,0.9,LinkedIn is a SaaS platform with AI core to its recommendation and job matching algorithms.,,70.11
39290,working-nomads,Working Nomads,linkedin.com,PRODUCT,1,0.7,"Working Nomads is a remote job board platform (SaaS product) that curates remote job listings. It is not a consultancy, staffing, or agency. AI is likely used as a capability for job matching, but not core to the product. The company likely operates fully remote. No open roles information available from the provided LinkedIn generic pages.",,49.96
39292,vacantes-digitales,Vacantes Digitales,linkedin.com,CONSULTANCY,1,0.5,heuristic fallback,,55.84
39294,workremoto-trabajo-remoto-con-o-sin-experiencia,Workremoto - Trabajo Remoto con o sin experiencia,linkedin.com,PRODUCT,0,0.7,"Based on company name, appears to be a remote work job board platform, likely a product (SaaS) company. No evidence of AI services.",,45.63
39295,mercado-libre,Mercado Libre,linkedin.com,PRODUCT,2,0.4,"Mercado Libre is known as an e-commerce platform company with AI integration. The provided LinkedIn pages do not contain specific information about the company, so classification is based on external knowledge.",,43.78
39296,get-on-board,Get on Board,linkedin.com,CONSULTANCY,1,0.5,heuristic fallback,,30.79
39329,a-players,A-Players,linkedin.com,CONSULTANCY,1,0.5,heuristic fallback,,55.7
39345,saragossa,Saragossa,linkedin.com,CONSULTANCY,1,0.5,heuristic fallback,,28.58
39347,monzo-bank,Monzo Bank,linkedin.com,UNKNOWN,0,0.5,heuristic fallback,,56.2
39352,revolut,Revolut,linkedin.com,PRODUCT,1,0.95,"Revolut is a fintech product company offering banking and financial services. AI is used for fraud detection and personalization, making it a capability rather than the core product.",,38.52
39393,umatr,UMATR,linkedin.com,UNKNOWN,0,0.5,heuristic fallback,,51.74
40768,ingestible-research-allenai,Allen Institute for AI (AI2),allenai.org,UNKNOWN,2,0.9,"AI2 is a non-profit research institute focused on AI, not a consultancy, staffing agency, creative agency, or product company. Their core mission is AI research and development, so ai_tier=2. They have open roles listed on the careers page. No clear remote work policy is stated.",,37.47
40769,ingestible-research-eleuther,EleutherAI,eleuther.ai,PRODUCT,2,0.85,"Research organization building and releasing AI models, core mission is AI.",,61.1
40770,ingestible-research-mila,Mila — Quebec AI Institute,mila.quebec,CONSULTANCY,2,0.95,"Mila is an AI research institute offering paid AI/ML consulting services, with AI at the core of its mission. Careers page exists indicating open roles.",,45.23
40771,ingestible-research-laion,LAION,laion.ai,UNKNOWN,2,0.9,"LAION is a non-profit AI research organization providing open datasets and models, not a B2B company fitting the defined categories.",,31.63
40772,ingestible-research-c4ai,Cohere for AI (C4AI),cohere.com,PRODUCT,2,0.95,Cohere is an AI product company offering LLMs and enterprise AI platforms. AI is core to its products.,,68.65
40773,ingestible-research-bigscience,BigScience Workshop,bigscience.huggingface.co,UNKNOWN,2,0.8,"BigScience Workshop is a research collaboration focused on large language models, not a commercial entity offering B2B AI consulting, staffing, agency, or product services.",,42.42
40774,ingestible-research-baai,BAAI — Beijing Academy of Artificial Intelligence,baai.ac.cn,UNKNOWN,2,0.6,"BAAI is a research academy, not clearly a commercial AI consultancy, staffing, agency, or SaaS product.",,42.74
40775,ingestible-research-nous,Nous Research (Ingestible scope),nousresearch.com,PRODUCT,2,1.0,"Nous Research develops open-source AI models and an API portal, making AI core to its product offerings. The company is fully remote and currently hiring for multiple AI-related roles.",,34.84
40776,ingestible-research-stanford-crfm,Stanford CRFM,crfm.stanford.edu,UNKNOWN,2,0.95,"Stanford CRFM is an academic research center, not a company; it does not fit into any of the defined categories.",,36.2
40777,ingestible-research-cmu-lti,CMU Language Technologies Institute,lti.cs.cmu.edu,UNKNOWN,2,0.95,"CMU Language Technologies Institute is an academic research and education department, not a B2B AI consultancy or commercial entity.",,47.17
40778,ingestible-research-msr,Microsoft Research,microsoft.com,PRODUCT,2,0.9,"Microsoft Research is the research division of Microsoft, a leading technology company developing AI-powered SaaS products and platforms (e.g., Azure AI, Copilot). It is not a consultancy, staffing firm, or agency.",,47.82
40779,ingestible-research-fair,Meta FAIR,ai.meta.com,PRODUCT,2,0.95,"Meta FAIR is the AI research division of Meta, a product company. AI is core to its products like Llama and Meta AI.",,34.42
40780,ingestible-research-ibm,IBM Research AI,research.ibm.com,PRODUCT,2,0.7,"IBM Research AI focuses on developing AI software and open-source tools, fitting a product-oriented entity rather than consultancy, with AI at its core.",,81.63
40781,ingestible-research-hf,Hugging Face Research,huggingface.co,PRODUCT,2,0.95,"Hugging Face is a SaaS platform for machine learning, hosting models and providing enterprise AI solutions. AI is core to its product.",,22.45
40782,ingestible-research-primer,Primer AI (Primer Labs),primer.ai,PRODUCT,2,0.95,"Primer offers AI-powered software products (Primer Enterprise, Command, API) for defense and intelligence agencies; AI is core to all products.",,52.72
